<?xml version="1.0" ?>
<source_library title="source_library">
  <source name="4FGL J0534.5+2201i" type="DiffuseSource">
    <spatialModel type="RadialGaussian">
      <parameter free="0" max="90.0" min="-90.0" name="DEC" scale="1.0" value="22.02"/>
      <parameter free="0" max="360.0" min="0.0" name="RA" scale="1.0" value="83.633"/>
      <parameter free="0" max="10.0" min="0.0" name="Sigma" scale="1.0" value="0.02"/>
    </spatialModel>
    <spectrum file="" type="LogParabola">
      <parameter free="0" max="100.0" min="0.1" name="Eb" scale="1000.0" value="10.0"/>
      <parameter free="0" max="5.0" min="0.0" name="alpha" scale="1.0" value="1.75"/>
      <parameter free="0" max="10.0" min="-5.0" name="beta" scale="0.1" value="0.8"/>
      <parameter free="0" max="100.0" min="0.0" name="norm" scale="1e-13" value="5.5"/>
    </spectrum>
  </source>
  <source name="4FGL J0534.5+2201s" type="PointSource">
    <spatialModel type="SkyDirFunction">
      <parameter free="0" max="90.0" min="-90.0" name="DEC" scale="1.0" value="22.0199"/>
      <parameter free="0" max="360.0" min="-360.0" name="RA" scale="1.0" value="83.6331"/>
    </spatialModel>
    <spectrum file="" type="PowerLaw">
      <parameter error="0.1170216661" free="1" max="5.0" min="0.0" name="Index" scale="-1.0" value="3.801891717"/>
      <parameter error="0.7894612788" free="1" max="100.0" min="0.0" name="Prefactor" scale="3.167853472e-09" value="11.99065106"/>
      <parameter free="0" max="1000.0" min="0.01" name="Scale" scale="1000.0" value="0.08170902798"/>
    </spectrum>
  </source>
  <source name="4FGL J0534.5+2200" type="PointSource">
    <spatialModel type="SkyDirFunction">
      <parameter free="0" max="90.0" min="-90.0" name="DEC" scale="1.0" value="22.0149"/>
      <parameter free="0" max="360.0" min="-360.0" name="RA" scale="1.0" value="83.6367"/>
    </spatialModel>
    <spectrum file="" type="PLSuperExpCutoff2">
      <parameter error="0.2108205505" free="1" max="100.0" min="-1.0" name="Expfactor" scale="0.001" value="4.434653482"/>
      <parameter error="0.02577983416" free="1" max="3.0" min="0.0" name="Index1" scale="-1.0" value="1.883293383"/>
      <parameter free="0" max="2.0" min="0.0" name="Index2" scale="1.0" value="0.6666667"/>
      <parameter error="0.0184203627" free="1" max="100.0" min="0.0" name="Prefactor" scale="5.464541849e-10" value="1.323796989"/>
      <parameter free="0" max="5490.821382" min="310.9277564" name="Scale" scale="1.0" value="661.5528327"/>
    </spectrum>
  </source>
  <source name="4FGL J0526.3+2246" type="PointSource">
    <spatialModel type="SkyDirFunction">
      <parameter free="0" max="90.0" min="-90.0" name="DEC" scale="1.0" value="22.7778"/>
      <parameter free="0" max="360.0" min="-360.0" name="RA" scale="1.0" value="81.5908"/>
    </spatialModel>
    <spectrum file="" type="PowerLaw">
      <parameter error="0.1440337546" free="1" max="5.0" min="0.0" name="Index" scale="-1.0" value="2.026245648"/>
      <parameter error="0.6094297794" free="1" max="100.0" min="0.0" name="Prefactor" scale="4.192245974e-15" value="3.13897293"/>
      <parameter free="0" max="1000.0" min="0.01" name="Scale" scale="1000.0" value="4.592815611"/>
    </spectrum>
  </source>
  <source name="4FGL J0544.4+2238" type="PointSource">
    <spatialModel type="SkyDirFunction">
      <parameter free="0" max="90.0" min="-90.0" name="DEC" scale="1.0" value="22.6418"/>
      <parameter free="0" max="360.0" min="-360.0" name="RA" scale="1.0" value="86.1093"/>
    </spatialModel>
    <spectrum file="" type="PowerLaw">
      <parameter error="0.1938582267" free="1" max="5.0" min="0.0" name="Index" scale="-1.0" value="2.291876617"/>
      <parameter error="0.79927986" free="1" max="100.0" min="0.0" name="Prefactor" scale="9.235611692e-15" value="3.516664573"/>
      <parameter free="0" max="1000.0" min="0.01" name="Scale" scale="1000.0" value="2.945101336"/>
    </spectrum>
  </source>
  <source name="4FGL J0521.7+2112" type="PointSource">
    <spatialModel type="SkyDirFunction">
      <parameter free="0" max="90.0" min="-90.0" name="DEC" scale="1.0" value="21.2131"/>
      <parameter free="0" max="360.0" min="-360.0" name="RA" scale="1.0" value="80.4445"/>
    </spatialModel>
    <spectrum file="" type="LogParabola">
      <parameter free="0" max="100.0" min="0.01" name="Eb" scale="1000.0" value="1.572519112"/>
      <parameter error="0.01817615494" free="1" max="5.0" min="0.0" name="alpha" scale="1.0" value="1.85309696"/>
      <parameter error="0.07177002902" free="1" max="10.0" min="-5.0" name="beta" scale="0.1" value="0.4582671441"/>
      <parameter error="0.08534507801" free="1" max="100.0" min="0.0" name="norm" scale="1e-12" value="4.615135836"/>
    </spectrum>
  </source>
  <source name="4FGL J0528.3+1817" type="PointSource">
    <spatialModel type="SkyDirFunction">
      <parameter free="0" max="90.0" min="-90.0" name="DEC" scale="1.0" value="18.2943"/>
      <parameter free="0" max="360.0" min="-360.0" name="RA" scale="1.0" value="82.0946"/>
    </spatialModel>
    <spectrum file="" type="PowerLaw">
      <parameter error="0.1494698901" free="1" max="5.0" min="0.0" name="Index" scale="-1.0" value="1.683446248"/>
      <parameter error="2.313691104" free="1" max="100.0" min="0.0" name="Prefactor" scale="2.066316826e-16" value="8.885807101"/>
      <parameter free="0" max="1000.0" min="0.01" name="Scale" scale="1000.0" value="10.32533987"/>
    </spectrum>
  </source>
  <source name="4FGL J0536.2+1733" type="PointSource">
    <spatialModel type="SkyDirFunction">
      <parameter free="0" max="90.0" min="-90.0" name="DEC" scale="1.0" value="17.5534"/>
      <parameter free="0" max="360.0" min="-360.0" name="RA" scale="1.0" value="84.0719"/>
    </spatialModel>
    <spectrum file="" type="LogParabola">
      <parameter free="0" max="3701.170301" min="0.02" name="Eb" scale="1.0" value="2808.210001"/>
      <parameter error="0.145575072" free="1" max="5.0" min="0.0" name="alpha" scale="1.0" value="1.970047545"/>
      <parameter error="1.041680567" free="1" max="10.0" min="-5.0" name="beta" scale="0.1" value="2.392577839"/>
      <parameter error="0.1475775487" free="1" max="100.0" min="0.0" name="norm" scale="8.430751236e-14" value="1.019855443"/>
    </spectrum>
  </source>
  <source name="4FGL J0550.9+2552c" type="PointSource">
    <spatialModel type="SkyDirFunction">
      <parameter free="0" max="90.0" min="-90.0" name="DEC" scale="1.0" value="25.871"/>
      <parameter free="0" max="360.0" min="-360.0" name="RA" scale="1.0" value="87.7457"/>
    </spatialModel>
    <spectrum file="" type="PowerLaw">
      <parameter error="0.1366372457" free="1" max="5.0" min="0.0" name="Index" scale="-1.0" value="2.445376412"/>
      <parameter error="1.018391718" free="1" max="100.0" min="0.0" name="Prefactor" scale="4.15682963e-14" value="5.047078377"/>
      <parameter free="0" max="1000.0" min="0.01" name="Scale" scale="1000.0" value="1.525198996"/>
    </spectrum>
  </source>
  <source name="4FGL J0539.0+1644" type="PointSource">
    <spatialModel type="SkyDirFunction">
      <parameter free="0" max="90.0" min="-90.0" name="DEC" scale="1.0" value="16.7432"/>
      <parameter free="0" max="360.0" min="-360.0" name="RA" scale="1.0" value="84.75"/>
    </spatialModel>
    <spectrum file="" type="PowerLaw">
      <parameter error="0.1050896387" free="1" max="-0.0" min="-5.0" name="Index" scale="1.0" value="-1.973703548"/>
      <parameter error="0.4923263589" free="1" max="100.0" min="0.0" name="Prefactor" scale="5.074342508e-15" value="3.164457673"/>
      <parameter free="0" max="4827.536077" min="0.02" name="Scale" scale="1.0" value="4760.767074"/>
    </spectrum>
  </source>
  <source name="4FGL J0534.2+2751" type="PointSource">
    <spatialModel type="SkyDirFunction">
      <parameter free="0" max="90.0" min="-90.0" name="DEC" scale="1.0" value="27.8592"/>
      <parameter free="0" max="360.0" min="-360.0" name="RA" scale="1.0" value="83.5707"/>
    </spatialModel>
    <spectrum file="" type="PowerLaw">
      <parameter error="0.151556531" free="1" max="5.0" min="0.0" name="Index" scale="-1.0" value="1.89186728"/>
      <parameter error="0.5377160233" free="1" max="100.0" min="0.0" name="Prefactor" scale="2.224448456e-15" value="2.457374529"/>
      <parameter free="0" max="1000.0" min="0.01" name="Scale" scale="1000.0" value="7.829277378"/>
    </spectrum>
  </source>
  <source name="4FGL J0540.3+2756e" type="DiffuseSource">
    <spatialModel file="/remote/ceph/user/h/heckmann/Fermi_LST/catalogs/LAT_extended_sources_8years/Templates/S147.fits" map_based_integral="True" type="SpatialMap">
      <parameter free="0" max="1.0" min="1.0" name="Prefactor" scale="1.0" value="1.0"/>
    </spatialModel>
    <spectrum file="" type="LogParabola">
      <parameter free="0" max="300.0" min="0.02" name="Eb" scale="1000.0" value="1.134575205"/>
      <parameter error="0.04960907631" free="1" max="5.0" min="0.0" name="alpha" scale="1.0" value="1.994510967"/>
      <parameter error="0.2727341284" free="1" max="10.0" min="-5.0" name="beta" scale="0.1" value="1.249124002"/>
      <parameter error="0.05596702657" free="1" max="100.0" min="0.0" name="norm" scale="5.992300748e-12" value="1.040808101"/>
    </spectrum>
  </source>
  <source name="4FGL J0521.2+1637" type="PointSource">
    <spatialModel type="SkyDirFunction">
      <parameter free="0" max="90.0" min="-90.0" name="DEC" scale="1.0" value="16.631"/>
      <parameter free="0" max="360.0" min="-360.0" name="RA" scale="1.0" value="80.3136"/>
    </spatialModel>
    <spectrum file="" type="PowerLaw">
      <parameter error="0.1417061859" free="1" max="5.0" min="0.0" name="Index" scale="-1.0" value="2.230580205"/>
      <parameter error="1.034066093" free="1" max="100.0" min="0.0" name="Prefactor" scale="1.09585249e-14" value="5.19251175"/>
      <parameter free="0" max="1000.0" min="0.01" name="Scale" scale="1000.0" value="2.112734324"/>
    </spectrum>
  </source>
  <source name="4FGL J0552.0+2656c" type="PointSource">
    <spatialModel type="SkyDirFunction">
      <parameter free="0" max="90.0" min="-90.0" name="DEC" scale="1.0" value="26.9334"/>
      <parameter free="0" max="360.0" min="-360.0" name="RA" scale="1.0" value="88.0099"/>
    </spatialModel>
    <spectrum file="" type="PowerLaw">
      <parameter error="0.1343805144" free="1" max="5.0" min="0.0" name="Index" scale="-1.0" value="2.725464842"/>
      <parameter error="1.211388615" free="1" max="100.0" min="0.0" name="Prefactor" scale="2.366511172e-13" value="6.695470403"/>
      <parameter free="0" max="1000.0" min="0.01" name="Scale" scale="1000.0" value="0.7246781487"/>
    </spectrum>
  </source>
  <source name="4FGL J0601.4+2320" type="PointSource">
    <spatialModel type="SkyDirFunction">
      <parameter free="0" max="90.0" min="-90.0" name="DEC" scale="1.0" value="23.3478"/>
      <parameter free="0" max="360.0" min="-360.0" name="RA" scale="1.0" value="90.3703"/>
    </spatialModel>
    <spectrum file="" type="PowerLaw">
      <parameter error="0.09608566067" free="1" max="5.0" min="0.0" name="Index" scale="-1.0" value="2.754720855"/>
      <parameter error="1.081467581" free="1" max="100.0" min="0.0" name="Prefactor" scale="3.237664129e-13" value="8.012153981"/>
      <parameter free="0" max="1000.0" min="0.01" name="Scale" scale="1000.0" value="0.6642764678"/>
    </spectrum>
  </source>
  <source name="4FGL J0509.1+1943" type="PointSource">
    <spatialModel type="SkyDirFunction">
      <parameter free="0" max="90.0" min="-90.0" name="DEC" scale="1.0" value="19.7242"/>
      <parameter free="0" max="360.0" min="-360.0" name="RA" scale="1.0" value="77.2793"/>
    </spatialModel>
    <spectrum file="" type="PowerLaw">
      <parameter error="0.165213902" free="1" max="5.0" min="0.0" name="Index" scale="-1.0" value="2.787573464"/>
      <parameter error="0.5388504297" free="1" max="100.0" min="0.0" name="Prefactor" scale="2.701738001e-13" value="2.614728773"/>
      <parameter free="0" max="1000.0" min="0.01" name="Scale" scale="1000.0" value="0.8123036558"/>
    </spectrum>
  </source>
  <source name="4FGL J0533.9+2838" type="PointSource">
    <spatialModel type="SkyDirFunction">
      <parameter free="0" max="90.0" min="-90.0" name="DEC" scale="1.0" value="28.6373"/>
      <parameter free="0" max="360.0" min="-360.0" name="RA" scale="1.0" value="83.4794"/>
    </spatialModel>
    <spectrum file="" type="PowerLaw">
      <parameter error="0.1426954131" free="1" max="5.0" min="0.0" name="Index" scale="-1.0" value="3.217562427"/>
      <parameter error="0.3352177795" free="1" max="100.0" min="0.0" name="Prefactor" scale="2.412571303e-11" value="2.181514149"/>
      <parameter free="0" max="1000.0" min="0.01" name="Scale" scale="1000.0" value="0.2347183838"/>
    </spectrum>
  </source>
  <source name="4FGL J0519.6+2744" type="PointSource">
    <spatialModel type="SkyDirFunction">
      <parameter free="0" max="90.0" min="-90.0" name="DEC" scale="1.0" value="27.7405"/>
      <parameter free="0" max="360.0" min="-360.0" name="RA" scale="1.0" value="79.9026"/>
    </spatialModel>
    <spectrum file="" type="PowerLaw">
      <parameter error="0.1867981197" free="1" max="5.0" min="0.0" name="Index" scale="-1.0" value="2.188672565"/>
      <parameter error="0.7123570871" free="1" max="100.0" min="0.0" name="Prefactor" scale="3.916893152e-15" value="3.35471348"/>
      <parameter free="0" max="7858.577959" min="2472.180586" name="Scale" scale="1.0" value="4330.963958"/>
    </spectrum>
  </source>
  <source name="4FGL J0603.9+2159" type="PointSource">
    <spatialModel type="SkyDirFunction">
      <parameter free="0" max="90.0" min="-90.0" name="DEC" scale="1.0" value="21.9848"/>
      <parameter free="0" max="360.0" min="-360.0" name="RA" scale="1.0" value="90.9815"/>
    </spatialModel>
    <spectrum file="" type="PowerLaw">
      <parameter error="0.1032250566" free="1" max="5.0" min="0.0" name="Index" scale="-1.0" value="2.37868364"/>
      <parameter error="0.7395615071" free="1" max="100.0" min="0.0" name="Prefactor" scale="2.551443965e-14" value="6.297026411"/>
      <parameter free="0" max="3775.773446" min="1258.90326" name="Scale" scale="1.0" value="2147.659222"/>
    </spectrum>
  </source>
  <source name="4FGL J0510.0+1800" type="PointSource">
    <spatialModel type="SkyDirFunction">
      <parameter free="0" max="90.0" min="-90.0" name="DEC" scale="1.0" value="18.0135"/>
      <parameter free="0" max="360.0" min="-360.0" name="RA" scale="1.0" value="77.5181"/>
    </spatialModel>
    <spectrum file="" type="LogParabola">
      <parameter free="0" max="100.0" min="0.01" name="Eb" scale="1000.0" value="1.102318696"/>
      <parameter error="0.02973698727" free="1" max="5.0" min="0.0" name="alpha" scale="1.0" value="2.103247765"/>
      <parameter error="0.1590630523" free="1" max="10.0" min="-5.0" name="beta" scale="0.1" value="0.924551402"/>
      <parameter error="0.1283627492" free="1" max="100.0" min="0.0" name="norm" scale="1e-12" value="4.334203274"/>
    </spectrum>
  </source>
  <source name="4FGL J0524.5+2839" type="PointSource">
    <spatialModel type="SkyDirFunction">
      <parameter free="0" max="90.0" min="-90.0" name="DEC" scale="1.0" value="28.6572"/>
      <parameter free="0" max="360.0" min="-360.0" name="RA" scale="1.0" value="81.128"/>
    </spatialModel>
    <spectrum file="" type="PowerLaw">
      <parameter error="0.0675672965" free="1" max="5.0" min="0.0" name="Index" scale="-1.0" value="2.00804325"/>
      <parameter error="0.2596858381" free="1" max="100.0" min="0.0" name="Prefactor" scale="2.11844307e-14" value="2.829192725"/>
      <parameter free="0" max="5105.5282" min="2964.300258" name="Scale" scale="1.0" value="3557.949478"/>
    </spectrum>
  </source>
  <source name="4FGL J0533.5+1449" type="PointSource">
    <spatialModel type="SkyDirFunction">
      <parameter free="0" max="90.0" min="-90.0" name="DEC" scale="1.0" value="14.8275"/>
      <parameter free="0" max="360.0" min="-360.0" name="RA" scale="1.0" value="83.3886"/>
    </spatialModel>
    <spectrum file="" type="PowerLaw">
      <parameter error="0.1721020818" free="1" max="5.0" min="0.0" name="Index" scale="-1.0" value="1.932136815"/>
      <parameter error="0.470342334" free="1" max="100.0" min="0.0" name="Prefactor" scale="3.650616251e-15" value="1.796523033"/>
      <parameter free="0" max="1000.0" min="0.01" name="Scale" scale="1000.0" value="5.418049312"/>
    </spectrum>
  </source>
  <source name="4FGL J0539.6+1432" type="PointSource">
    <spatialModel type="SkyDirFunction">
      <parameter free="0" max="90.0" min="-90.0" name="DEC" scale="1.0" value="14.5443"/>
      <parameter free="0" max="360.0" min="-360.0" name="RA" scale="1.0" value="84.9052"/>
    </spatialModel>
    <spectrum file="" type="PowerLaw">
      <parameter error="0.06416818617" free="1" max="5.0" min="0.0" name="Index" scale="-1.0" value="2.545170733"/>
      <parameter error="0.125029652" free="1" max="100.0" min="0.0" name="Prefactor" scale="1.02179554e-12" value="1.555785283"/>
      <parameter free="0" max="1007.810043" min="0.02" name="Scale" scale="1.0" value="873.2697205"/>
    </spectrum>
  </source>
  <source name="4FGL J0515.8+1527" type="PointSource">
    <spatialModel type="SkyDirFunction">
      <parameter free="0" max="90.0" min="-90.0" name="DEC" scale="1.0" value="15.4614"/>
      <parameter free="0" max="360.0" min="-360.0" name="RA" scale="1.0" value="78.953"/>
    </spatialModel>
    <spectrum file="" type="PowerLaw">
      <parameter error="0.04202442592" free="1" max="5.0" min="0.0" name="Index" scale="-1.0" value="1.94187609"/>
      <parameter error="0.1740440536" free="1" max="100.0" min="0.0" name="Prefactor" scale="6.63434221e-14" value="2.942960602"/>
      <parameter free="0" max="3087.840866" min="0.02" name="Scale" scale="1.0" value="2647.882481"/>
    </spectrum>
  </source>
  <source name="4FGL J0609.0+2136c" type="PointSource">
    <spatialModel type="SkyDirFunction">
      <parameter free="0" max="90.0" min="-90.0" name="DEC" scale="1.0" value="21.609"/>
      <parameter free="0" max="360.0" min="-360.0" name="RA" scale="1.0" value="92.2501"/>
    </spatialModel>
    <spectrum file="" type="LogParabola">
      <parameter free="0" max="100.0" min="0.01" name="Eb" scale="1000.0" value="1.26919623"/>
      <parameter error="0.1919299768" free="1" max="5.0" min="0.0" name="alpha" scale="1.0" value="2.412896343"/>
      <parameter error="1.409442266" free="1" max="10.0" min="-5.0" name="beta" scale="0.1" value="3.796669429"/>
      <parameter error="1.222688955" free="1" max="100.0" min="0.0" name="norm" scale="1e-13" value="8.510013255"/>
    </spectrum>
  </source>
  <source name="4FGL J0501.0+2424" type="PointSource">
    <spatialModel type="SkyDirFunction">
      <parameter free="0" max="90.0" min="-90.0" name="DEC" scale="1.0" value="24.4113"/>
      <parameter free="0" max="360.0" min="-360.0" name="RA" scale="1.0" value="75.2707"/>
    </spatialModel>
    <spectrum file="" type="PowerLaw">
      <parameter error="0.1328483818" free="1" max="5.0" min="0.0" name="Index" scale="-1.0" value="1.871857955"/>
      <parameter error="0.4197802865" free="1" max="100.0" min="0.0" name="Prefactor" scale="2.954914006e-15" value="1.876822195"/>
      <parameter free="0" max="10649.25404" min="4401.731308" name="Scale" scale="1.0" value="6035.511911"/>
    </spectrum>
  </source>
  <source name="4FGL J0608.8+2034c" type="PointSource">
    <spatialModel type="SkyDirFunction">
      <parameter free="0" max="90.0" min="-90.0" name="DEC" scale="1.0" value="20.5771"/>
      <parameter free="0" max="360.0" min="-360.0" name="RA" scale="1.0" value="92.2008"/>
    </spatialModel>
    <spectrum file="" type="PowerLaw">
      <parameter error="0.08378758883" free="1" max="-0.0" min="-5.0" name="Index" scale="1.0" value="-2.511388671"/>
      <parameter error="1.468626198" free="1" max="100.0" min="0.0" name="Prefactor" scale="1.250492734e-14" value="10.8204183"/>
      <parameter free="0" max="1000.0" min="0.01" name="Scale" scale="1000.0" value="2.505601418"/>
    </spectrum>
  </source>
  <source name="4FGL J0609.0+2006" type="PointSource">
    <spatialModel type="SkyDirFunction">
      <parameter free="0" max="90.0" min="-90.0" name="DEC" scale="1.0" value="20.1032"/>
      <parameter free="0" max="360.0" min="-360.0" name="RA" scale="1.0" value="92.2546"/>
    </spatialModel>
    <spectrum file="" type="LogParabola">
      <parameter free="0" max="1000.0" min="0.01" name="Eb" scale="1000.0" value="0.9743245024"/>
      <parameter error="0.3161549517" free="1" max="5.0" min="0.0" name="alpha" scale="1.0" value="2.886705902"/>
      <parameter error="2.578733102" free="1" max="10.0" min="-5.0" name="beta" scale="0.1" value="6.051257515"/>
      <parameter error="0.4718725123" free="1" max="100.0" min="0.0" name="norm" scale="6.537613762e-13" value="3.075628317"/>
    </spectrum>
  </source>
  <source name="4FGL J0530.9+1332" type="PointSource">
    <spatialModel type="SkyDirFunction">
      <parameter free="0" max="90.0" min="-90.0" name="DEC" scale="1.0" value="13.5402"/>
      <parameter free="0" max="360.0" min="-360.0" name="RA" scale="1.0" value="82.7364"/>
    </spatialModel>
    <spectrum file="" type="LogParabola">
      <parameter free="0" max="100.0" min="0.01" name="Eb" scale="1000.0" value="0.8310609661"/>
      <parameter error="0.05842855556" free="1" max="5.0" min="0.0" name="alpha" scale="1.0" value="2.549124983"/>
      <parameter error="0.5073429915" free="1" max="10.0" min="-5.0" name="beta" scale="0.1" value="2.77662543"/>
      <parameter error="0.302314811" free="1" max="100.0" min="0.0" name="norm" scale="1e-12" value="5.592641959"/>
    </spectrum>
  </source>
  <source name="4FGL J0459.4+1921" type="PointSource">
    <spatialModel type="SkyDirFunction">
      <parameter free="0" max="90.0" min="-90.0" name="DEC" scale="1.0" value="19.3623"/>
      <parameter free="0" max="360.0" min="-360.0" name="RA" scale="1.0" value="74.8599"/>
    </spatialModel>
    <spectrum file="" type="PowerLaw">
      <parameter error="0.2000763611" free="1" max="5.0" min="0.0" name="Index" scale="-1.0" value="2.029183177"/>
      <parameter error="0.3063258856" free="1" max="100.0" min="0.0" name="Prefactor" scale="3.17800981e-15" value="1.14467315"/>
      <parameter free="0" max="12587.93815" min="4664.119744" name="Scale" scale="1.0" value="6738.570542"/>
    </spectrum>
  </source>
  <source name="4FGL J0531.7+1241c" type="PointSource">
    <spatialModel type="SkyDirFunction">
      <parameter free="0" max="90.0" min="-90.0" name="DEC" scale="1.0" value="12.6888"/>
      <parameter free="0" max="360.0" min="-360.0" name="RA" scale="1.0" value="82.945"/>
    </spatialModel>
    <spectrum file="" type="PowerLaw">
      <parameter error="0.1199404488" free="1" max="5.0" min="0.0" name="Index" scale="-1.0" value="2.667959642"/>
      <parameter error="0.9107146893" free="1" max="100.0" min="0.0" name="Prefactor" scale="1.395795899e-13" value="5.01145339"/>
      <parameter free="0" max="1000.0" min="0.01" name="Scale" scale="1000.0" value="0.9318960528"/>
    </spectrum>
  </source>
  <source name="4FGL J0614.9+2426" type="PointSource">
    <spatialModel type="SkyDirFunction">
      <parameter free="0" max="90.0" min="-90.0" name="DEC" scale="1.0" value="24.4475"/>
      <parameter free="0" max="360.0" min="-360.0" name="RA" scale="1.0" value="93.7394"/>
    </spatialModel>
    <spectrum file="" type="PowerLaw">
      <parameter error="0.1426891258" free="1" max="5.0" min="0.0" name="Index" scale="-1.0" value="2.187907394"/>
      <parameter error="0.4325572756" free="1" max="100.0" min="0.0" name="Prefactor" scale="1.812946159e-14" value="1.909426045"/>
      <parameter free="0" max="3366.219429" min="1217.465853" name="Scale" scale="1.0" value="2742.7915"/>
    </spectrum>
  </source>
  <source name="4FGL J0616.5+2235" type="PointSource">
    <spatialModel type="SkyDirFunction">
      <parameter free="0" max="90.0" min="-90.0" name="DEC" scale="1.0" value="22.5943"/>
      <parameter free="0" max="360.0" min="-360.0" name="RA" scale="1.0" value="94.1441"/>
    </spatialModel>
    <spectrum file="" type="PowerLaw">
      <parameter error="0.05858774903" free="1" max="5.0" min="0.0" name="Index" scale="-1.0" value="1.998242859"/>
      <parameter error="0.1420749619" free="1" max="100.0" min="0.0" name="Prefactor" scale="2.51271322e-14" value="1.476408803"/>
      <parameter free="0" max="100.0" min="0.01" name="Scale" scale="10000.0" value="1.07035218"/>
    </spectrum>
  </source>
  <source name="4FGL J0617.2+2234e" type="DiffuseSource">
    <spatialModel type="RadialGaussian">
      <parameter free="0" max="90.0" min="-90.0" name="DEC" scale="1.0" value="22.58"/>
      <parameter free="0" max="360.0" min="-360.0" name="RA" scale="1.0" value="94.31"/>
      <parameter free="0" max="10.0" min="0.0" name="Sigma" scale="1.0" value="0.179"/>
    </spatialModel>
    <spectrum file="" type="LogParabola">
      <parameter free="0" max="100.0" min="0.1" name="Eb" scale="1000.0" value="3.786448803"/>
      <parameter error="0.01354391915" free="1" max="5.0" min="0.0" name="alpha" scale="1.0" value="2.234379716"/>
      <parameter error="0.05413619129" free="1" max="10.0" min="-5.0" name="beta" scale="0.1" value="1.269130679"/>
      <parameter error="0.05681841538" free="1" max="100.0" min="0.0" name="norm" scale="1e-12" value="3.932860474"/>
    </spectrum>
  </source>
  <source name="4FGL J0610.7+1656" type="PointSource">
    <spatialModel type="SkyDirFunction">
      <parameter free="0" max="90.0" min="-90.0" name="DEC" scale="1.0" value="16.946"/>
      <parameter free="0" max="360.0" min="-360.0" name="RA" scale="1.0" value="92.6761"/>
    </spatialModel>
    <spectrum file="" type="LogParabola">
      <parameter free="0" max="1000.0" min="0.01" name="Eb" scale="1000.0" value="0.7840144824"/>
      <parameter error="0.2454001318" free="1" max="5.0" min="0.0" name="alpha" scale="1.0" value="2.876532605"/>
      <parameter error="1.932506546" free="1" max="10.0" min="-5.0" name="beta" scale="0.1" value="5.297471233"/>
      <parameter error="0.2176280096" free="1" max="100.0" min="0.0" name="norm" scale="2.24595516e-12" value="1.717645487"/>
    </spectrum>
  </source>
  <source name="4FGL J0452.0+2100" type="PointSource">
    <spatialModel type="SkyDirFunction">
      <parameter free="0" max="90.0" min="-90.0" name="DEC" scale="1.0" value="21.0033"/>
      <parameter free="0" max="360.0" min="-360.0" name="RA" scale="1.0" value="73.0072"/>
    </spatialModel>
    <spectrum file="" type="PowerLaw">
      <parameter error="0.1748766349" free="1" max="5.0" min="0.0" name="Index" scale="-1.0" value="1.640940881"/>
      <parameter error="1.9035469" free="1" max="100.0" min="0.0" name="Prefactor" scale="2.024897685e-16" value="6.15187885"/>
      <parameter free="0" max="1000.0" min="0.01" name="Scale" scale="1000.0" value="10.82104331"/>
    </spectrum>
  </source>
  <source name="4FGL J0540.0+1209" type="PointSource">
    <spatialModel type="SkyDirFunction">
      <parameter free="0" max="90.0" min="-90.0" name="DEC" scale="1.0" value="12.151"/>
      <parameter free="0" max="360.0" min="-360.0" name="RA" scale="1.0" value="85.0078"/>
    </spatialModel>
    <spectrum file="" type="PowerLaw">
      <parameter error="0.1198292054" free="1" max="5.0" min="0.0" name="Index" scale="-1.0" value="2.305829432"/>
      <parameter error="0.8174685445" free="1" max="100.0" min="0.0" name="Prefactor" scale="1.591142483e-14" value="4.903509605"/>
      <parameter free="0" max="2408.895128" min="1114.525474" name="Scale" scale="1.0" value="2043.871496"/>
    </spectrum>
  </source>
  <source name="4FGL J0613.1+1749c" type="PointSource">
    <spatialModel type="SkyDirFunction">
      <parameter free="0" max="90.0" min="-90.0" name="DEC" scale="1.0" value="17.8219"/>
      <parameter free="0" max="360.0" min="-360.0" name="RA" scale="1.0" value="93.2802"/>
    </spatialModel>
    <spectrum file="" type="PowerLaw">
      <parameter error="0.1093615605" free="1" max="5.0" min="0.0" name="Index" scale="-1.0" value="2.634469025"/>
      <parameter error="1.187325983" free="1" max="100.0" min="0.0" name="Prefactor" scale="1.241833046e-13" value="7.189571486"/>
      <parameter free="0" max="1000.0" min="0.01" name="Scale" scale="1000.0" value="1.01564126"/>
    </spectrum>
  </source>
  <source name="4FGL J0456.2+2702" type="PointSource">
    <spatialModel type="SkyDirFunction">
      <parameter free="0" max="90.0" min="-90.0" name="DEC" scale="1.0" value="27.0403"/>
      <parameter free="0" max="360.0" min="-360.0" name="RA" scale="1.0" value="74.0673"/>
    </spatialModel>
    <spectrum file="" type="LogParabola">
      <parameter free="0" max="1433.308253" min="0.02" name="Eb" scale="1.0" value="1262.664349"/>
      <parameter error="0.1112130043" free="1" max="5.0" min="0.0" name="alpha" scale="1.0" value="2.31758084"/>
      <parameter error="0.7278786067" free="1" max="10.0" min="-5.0" name="beta" scale="0.1" value="1.733068868"/>
      <parameter error="0.683989761" free="1" max="100.0" min="0.0" name="norm" scale="1.104428038e-13" value="5.936414102"/>
    </spectrum>
  </source>
  <source name="4FGL J0554.1+3107" type="PointSource">
    <spatialModel type="SkyDirFunction">
      <parameter free="0" max="90.0" min="-90.0" name="DEC" scale="1.0" value="31.1176"/>
      <parameter free="0" max="360.0" min="-360.0" name="RA" scale="1.0" value="88.548"/>
    </spatialModel>
    <spectrum file="" type="PLSuperExpCutoff2">
      <parameter error="0.07767918109" free="1" max="100.0" min="-1.0" name="Expfactor" scale="0.01" value="1.841473419"/>
      <parameter error="0.07529998248" free="1" max="3.0" min="0.0" name="Index1" scale="-1.0" value="0.6164674699"/>
      <parameter free="0" max="2.0" min="0.0" name="Index2" scale="1.0" value="0.6666667"/>
      <parameter error="0.2811741533" free="1" max="100.0" min="0.0" name="Prefactor" scale="1.270344419e-11" value="3.552411567"/>
      <parameter free="0" max="1175.293971" min="253.4243297" name="Scale" scale="1.0" value="469.9312985"/>
    </spectrum>
  </source>
  <source name="4FGL J0611.6+2803" type="PointSource">
    <spatialModel type="SkyDirFunction">
      <parameter free="0" max="90.0" min="-90.0" name="DEC" scale="1.0" value="28.0561"/>
      <parameter free="0" max="360.0" min="-360.0" name="RA" scale="1.0" value="92.9237"/>
    </spatialModel>
    <spectrum file="" type="PowerLaw">
      <parameter error="0.09563398088" free="1" max="5.0" min="0.0" name="Index" scale="-1.0" value="2.218082396"/>
      <parameter error="0.4170734144" free="1" max="100.0" min="0.0" name="Prefactor" scale="3.602132991e-14" value="2.960349493"/>
      <parameter free="0" max="3487.515912" min="1479.239221" name="Scale" scale="1.0" value="2139.4824"/>
    </spectrum>
  </source>
  <source name="4FGL J0559.6+3044" type="PointSource">
    <spatialModel type="SkyDirFunction">
      <parameter free="0" max="90.0" min="-90.0" name="DEC" scale="1.0" value="30.7471"/>
      <parameter free="0" max="360.0" min="-360.0" name="RA" scale="1.0" value="89.9039"/>
    </spatialModel>
    <spectrum file="" type="LogParabola">
      <parameter free="0" max="10916.97201" min="0.02" name="Eb" scale="1.0" value="9782.998048"/>
      <parameter error="0.2553288195" free="1" max="5.0" min="0.0" name="alpha" scale="1.0" value="1.402368893"/>
      <parameter error="1.808021058" free="1" max="10.0" min="-5.0" name="beta" scale="0.1" value="4.178822343"/>
      <parameter error="0.9674046486" free="1" max="100.0" min="0.0" name="norm" scale="1.173718979e-15" value="3.955178255"/>
    </spectrum>
  </source>
  <source name="4FGL J0548.6+1200" type="PointSource">
    <spatialModel type="SkyDirFunction">
      <parameter free="0" max="90.0" min="-90.0" name="DEC" scale="1.0" value="12.0028"/>
      <parameter free="0" max="360.0" min="-360.0" name="RA" scale="1.0" value="87.1618"/>
    </spatialModel>
    <spectrum file="" type="PowerLaw">
      <parameter error="0.1607989637" free="1" max="5.0" min="0.0" name="Index" scale="-1.0" value="2.737541668"/>
      <parameter error="0.7371222656" free="1" max="100.0" min="0.0" name="Prefactor" scale="4.335305131e-13" value="3.615963769"/>
      <parameter free="0" max="1000.0" min="0.01" name="Scale" scale="1000.0" value="0.5807697764"/>
    </spectrum>
  </source>
  <source name="4FGL J0502.2+3016" type="PointSource">
    <spatialModel type="SkyDirFunction">
      <parameter free="0" max="90.0" min="-90.0" name="DEC" scale="1.0" value="30.2752"/>
      <parameter free="0" max="360.0" min="-360.0" name="RA" scale="1.0" value="75.5626"/>
    </spatialModel>
    <spectrum file="" type="PowerLaw">
      <parameter error="0.2156881912" free="1" max="5.0" min="0.0" name="Index" scale="-1.0" value="2.086407961"/>
      <parameter error="0.4377310713" free="1" max="100.0" min="0.0" name="Prefactor" scale="4.435571406e-15" value="1.477002901"/>
      <parameter free="0" max="1000.0" min="0.01" name="Scale" scale="1000.0" value="4.711114352"/>
    </spectrum>
  </source>
  <source name="4FGL J0600.3+1244" type="PointSource">
    <spatialModel type="SkyDirFunction">
      <parameter free="0" max="90.0" min="-90.0" name="DEC" scale="1.0" value="12.7444"/>
      <parameter free="0" max="360.0" min="-360.0" name="RA" scale="1.0" value="90.0816"/>
    </spatialModel>
    <spectrum file="" type="PowerLaw">
      <parameter error="0.08670472944" free="1" max="-0.0" min="-5.0" name="Index" scale="1.0" value="-1.533027511"/>
      <parameter error="1.05700256" free="1" max="100.0" min="0.0" name="Prefactor" scale="3.417423796e-16" value="6.831886899"/>
      <parameter free="0" max="300.0" min="0.01" name="Scale" scale="10000.0" value="1.553382202"/>
    </spectrum>
  </source>
  <source name="4FGL J0612.6+1520c" type="PointSource">
    <spatialModel type="SkyDirFunction">
      <parameter free="0" max="90.0" min="-90.0" name="DEC" scale="1.0" value="15.342"/>
      <parameter free="0" max="360.0" min="-360.0" name="RA" scale="1.0" value="93.1587"/>
    </spatialModel>
    <spectrum file="" type="PowerLaw">
      <parameter error="0.1306161685" free="1" max="-0.0" min="-5.0" name="Index" scale="1.0" value="-2.657816945"/>
      <parameter error="1.488885211" free="1" max="100.0" min="0.0" name="Prefactor" scale="5.683269683e-14" value="6.488709954"/>
      <parameter free="0" max="1000.0" min="0.01" name="Scale" scale="1000.0" value="1.167905925"/>
    </spectrum>
  </source>
  <source name="4FGL J0502.5+1340" type="PointSource">
    <spatialModel type="SkyDirFunction">
      <parameter free="0" max="90.0" min="-90.0" name="DEC" scale="1.0" value="13.6685"/>
      <parameter free="0" max="360.0" min="-360.0" name="RA" scale="1.0" value="75.6341"/>
    </spatialModel>
    <spectrum file="" type="PowerLaw">
      <parameter error="0.1061151467" free="1" max="5.0" min="0.0" name="Index" scale="-1.0" value="2.231508857"/>
      <parameter error="0.628946018" free="1" max="100.0" min="0.0" name="Prefactor" scale="2.532519549e-14" value="4.496310272"/>
      <parameter free="0" max="1000.0" min="0.01" name="Scale" scale="1000.0" value="1.883671723"/>
    </spectrum>
  </source>
  <source name="4FGL J0501.7+3048" type="PointSource">
    <spatialModel type="SkyDirFunction">
      <parameter free="0" max="90.0" min="-90.0" name="DEC" scale="1.0" value="30.8028"/>
      <parameter free="0" max="360.0" min="-360.0" name="RA" scale="1.0" value="75.4313"/>
    </spatialModel>
    <spectrum file="" type="PowerLaw">
      <parameter error="0.1366246439" free="1" max="5.0" min="0.0" name="Index" scale="-1.0" value="1.963121654"/>
      <parameter error="0.3487453474" free="1" max="100.0" min="0.0" name="Prefactor" scale="4.697698293e-15" value="1.964302973"/>
      <parameter free="0" max="11753.80076" min="3136.794841" name="Scale" scale="1.0" value="5820.804767"/>
    </spectrum>
  </source>
  <source name="4FGL J0453.3+2843" type="PointSource">
    <spatialModel type="SkyDirFunction">
      <parameter free="0" max="90.0" min="-90.0" name="DEC" scale="1.0" value="28.7304"/>
      <parameter free="0" max="360.0" min="-360.0" name="RA" scale="1.0" value="73.334"/>
    </spatialModel>
    <spectrum file="" type="LogParabola">
      <parameter free="0" max="1000.0" min="0.01" name="Eb" scale="1000.0" value="1.079772983"/>
      <parameter error="0.1882427731" free="1" max="5.0" min="0.0" name="alpha" scale="1.0" value="2.41657237"/>
      <parameter error="1.218506356" free="1" max="10.0" min="-5.0" name="beta" scale="0.1" value="2.76299692"/>
      <parameter error="0.7982832514" free="1" max="100.0" min="0.0" name="norm" scale="1.246542863e-13" value="5.1235275"/>
    </spectrum>
  </source>
  <source name="4FGL J0609.5+1402" type="PointSource">
    <spatialModel type="SkyDirFunction">
      <parameter free="0" max="90.0" min="-90.0" name="DEC" scale="1.0" value="14.0395"/>
      <parameter free="0" max="360.0" min="-360.0" name="RA" scale="1.0" value="92.3996"/>
    </spatialModel>
    <spectrum file="" type="PowerLaw">
      <parameter error="0.1182502307" free="1" max="5.0" min="0.0" name="Index" scale="-1.0" value="2.54349032"/>
      <parameter error="1.173141898" free="1" max="100.0" min="0.0" name="Prefactor" scale="1.06435704e-13" value="6.174829815"/>
      <parameter free="0" max="1000.0" min="0.01" name="Scale" scale="1000.0" value="1.002143045"/>
    </spectrum>
  </source>
  <source name="4FGL J0608.6+1149" type="PointSource">
    <spatialModel type="SkyDirFunction">
      <parameter free="0" max="90.0" min="-90.0" name="DEC" scale="1.0" value="11.827"/>
      <parameter free="0" max="360.0" min="-360.0" name="RA" scale="1.0" value="92.1663"/>
    </spatialModel>
    <spectrum file="" type="PowerLaw">
      <parameter error="0.1432635992" free="1" max="5.0" min="0.0" name="Index" scale="-1.0" value="2.266776529"/>
      <parameter error="0.5491193178" free="1" max="100.0" min="0.0" name="Prefactor" scale="1.141014318e-14" value="2.842390501"/>
      <parameter free="0" max="1000.0" min="0.01" name="Scale" scale="1000.0" value="3.173738737"/>
    </spectrum>
  </source>
  <source name="4FGL J0449.6+3027" type="PointSource">
    <spatialModel type="SkyDirFunction">
      <parameter free="0" max="90.0" min="-90.0" name="DEC" scale="1.0" value="30.4664"/>
      <parameter free="0" max="360.0" min="-360.0" name="RA" scale="1.0" value="72.4186"/>
    </spatialModel>
    <spectrum file="" type="PowerLaw">
      <parameter error="0.1354129708" free="1" max="5.0" min="0.0" name="Index" scale="-1.0" value="2.648341191"/>
      <parameter error="0.795172946" free="1" max="100.0" min="0.0" name="Prefactor" scale="2.230110808e-13" value="3.749733466"/>
      <parameter free="0" max="1000.0" min="0.01" name="Scale" scale="1000.0" value="0.744355555"/>
    </spectrum>
  </source>
  <source name="4FGL J0458.0+1152" type="PointSource">
    <spatialModel type="SkyDirFunction">
      <parameter free="0" max="90.0" min="-90.0" name="DEC" scale="1.0" value="11.8727"/>
      <parameter free="0" max="360.0" min="-360.0" name="RA" scale="1.0" value="74.5069"/>
    </spatialModel>
    <spectrum file="" type="PowerLaw">
      <parameter error="0.1738942089" free="1" max="5.0" min="0.0" name="Index" scale="-1.0" value="1.886830588"/>
      <parameter error="0.3587351221" free="1" max="100.0" min="0.0" name="Prefactor" scale="2.25971558e-15" value="1.489695986"/>
      <parameter free="0" max="11150.23014" min="5208.698248" name="Scale" scale="1.0" value="7621.77131"/>
    </spectrum>
  </source>
  <source name="isodiff" type="DiffuseSource">
    <spectrum ctype="-1" file="$(CONDA_PREFIX)/share/fermitools/refdata/fermi/galdiffuse/iso_P8R3_SOURCE_V3_BACK_v1.txt" type="FileFunction">
      <parameter free="0" max="1000.0" min="0.001" name="Normalization" scale="1.0" value="1.0"/>
    </spectrum>
    <spatialModel type="ConstantValue">
      <parameter free="0" max="10" min="0" name="Value" scale="1" value="1"/>
    </spatialModel>
  </source>
  <source name="galdiff" type="DiffuseSource">
    <spectrum type="PowerLaw">
      <parameter free="0" max="1.0" min="-1.0" name="Index" scale="-1.0" value="0.0"/>
      <parameter free="0" max="10.0" min="0.1" name="Prefactor" scale="1.0" value="1.0"/>
      <parameter free="0" max="1000.0" min="1000.0" name="Scale" scale="1.0" value="1000.0"/>
    </spectrum>
    <spatialModel file="$(CONDA_PREFIX)/share/fermitools/refdata/fermi/galdiffuse/gll_iem_v07.fits" type="MapCubeFunction">
      <parameter free="0" max="10" min="0" name="Normalization" scale="1" value="1"/>
    </spatialModel>
  </source>
</source_library>
